id,x,y,type,status
A1,1,1,Standard,Available
A2,2,1,Standard,Available
A3,3,1,Standard,Available
A4,4,1,Standard,Available
A5,5,1,Standard,Available
A6,6,1,Standard,Available
A7,7,1,EV,Available
B1,1,2,Standard,Available
B2,2,2,Standard,Available
B3,3,2,Standard,Available
B4,4,2,Standard,Available
B5,5,2,Standard,Available
B6,6,2,Standard,Available
B7,7,2,EV,Available
D1,1,4,Standard,Available
D2,2,4,Standard,Available
D3,3,4,Standard,Available
D4,4,4,Standard,Available
D5,5,4,Standard,Available
D6,6,4,Standard,Available
D7,7,4,Standard,Available
E1,1,5,EV,Available
E2,2,5,EV,Available
E3,3,5,Standard,Available
E4,4,5,Standard,Available
E5,5,5,Standard,Available
E6,6,5,Standard,Available
E7,7,5,Standard,Available
